f_ghz,gain_imb_db,phase_imb_deg,cm_leak_dbc,cm_dm_db
1.000000000000000056e-01,0.000000000000000000e+00,6.999999868639861234e-08,-3.056908057800000051e+02,-2.904386939999999981e+02
1.023292989999999986e-01,0.000000000000000000e+00,-3.600000013648241293e-07,-3.000253036500000121e+02,-2.974000750000000153e+02
1.047128549999999936e-01,0.000000000000000000e+00,2.699999868127633817e-07,-3.000316223600000285e+02,-2.892535780000000045e+02
1.071519310000000058e-01,0.000000000000000000e+00,-4.599999954280065140e-07,-2.976258675000000267e+02,-2.949050659999999766e+02
1.096478199999999931e-01,0.000000000000000000e+00,-1.699999927495809970e-07,-3.007616706900000167e+02,-2.975010780000000068e+02
1.122018449999999945e-01,0.000000000000000000e+00,2.400000198576890398e-07,-3.057237395700000206e+02,-2.950030669999999873e+02
1.148153620000000041e-01,0.000000000000000000e+00,4.900000192264997168e-07,-3.071849667700000168e+02,-2.914842120000000136e+02
1.174897550000000013e-01,0.000000000000000000e+00,-1.299999894399661571e-07,-3.015765268999999762e+02,-2.934813839999999914e+02
1.202264430000000023e-01,0.000000000000000000e+00,6.999999868639861234e-08,-3.056194625499999802e+02,-2.993611089999999990e+02
1.230268770000000067e-01,0.000000000000000000e+00,1.500000053056282923e-07,-3.057047352299999829e+02,-2.926411360000000172e+02
1.258925409999999967e-01,0.000000000000000000e+00,4.100000126072700368e-07,-3.057444864000000280e+02,-2.944512250000000222e+02
1.288249549999999910e-01,0.000000000000000000e+00,3.099999901223782217e-07,-3.000818764499999816e+02,-2.939652350000000069e+02
1.318256740000000038e-01,0.000000000000000000e+00,3.300000059880403569e-07,-2.966825796600000444e+02,-2.930679920000000038e+02
1.348962880000000031e-01,0.000000000000000000e+00,-6.999999868639861234e-08,-2.976811092199999962e+02,-2.974468860000000063e+02
1.380384259999999919e-01,0.000000000000000000e+00,4.200000205401011044e-07,-2.987851382399999807e+02,-2.976279700000000048e+02
1.412537540000000091e-01,0.000000000000000000e+00,-1.299999894399661571e-07,-2.946114986800000111e+02,-2.973718680000000063e+02
1.445439769999999902e-01,0.000000000000000000e+00,2.000001586566213518e-08,-2.953907174099999793e+02,-2.961618040000000178e+02
1.479108389999999884e-01,0.000000000000000000e+00,1.800000006824120646e-07,-2.982335431500000027e+02,-2.922202689999999734e+02
1.513561250000000080e-01,0.000000000000000000e+00,1.799999722607026342e-07,-3.057818035099999747e+02,-2.892617920000000140e+02
1.548816620000000033e-01,0.000000000000000000e+00,2.200000039920269046e-07,-3.000953479699999775e+02,-2.981599969999999757e+02
1.584893189999999896e-01,0.000000000000000000e+00,-1.500000053056282923e-07,-2.971973118599999566e+02,-2.930661430000000109e+02
1.621810099999999866e-01,0.000000000000000000e+00,-1.399999973727972247e-07,-3.016169203800000105e+02,-2.934603309999999965e+02
1.659586909999999915e-01,0.000000000000000000e+00,2.000000165480741998e-07,-3.001030975900000044e+02,-2.832427969999999959e+02
1.698243650000000049e-01,0.000000000000000000e+00,-8.000000661922967993e-08,-2.958250664299999926e+02,-2.904575919999999769e+02
1.737800830000000019e-01,0.000000000000000000e+00,8.000000661922967993e-08,-2.994616916699999933e+02,-2.949395480000000020e+02
1.778279409999999894e-01,0.000000000000000000e+00,-2.900000026784255169e-07,-3.058063659499999858e+02,-2.868344769999999926e+02
1.819700860000000031e-01,0.000000000000000000e+00,-2.699999868127633817e-07,-2.972086707899999851e+02,-2.939624269999999910e+02
1.862087139999999974e-01,0.000000000000000000e+00,-1.299999894399661571e-07,-3.016527105399999868e+02,-2.911296360000000050e+02
1.905460720000000108e-01,0.000000000000000000e+00,-3.500000218537024921e-07,-2.972168984300000147e+02,-2.961356460000000084e+02
1.949844599999999983e-01,0.000000000000000000e+00,3.100000185440876521e-07,-3.008643695700000080e+02,-2.918481540000000223e+02
1.995262309999999983e-01,0.000000000000000000e+00,-2.700000152344728122e-07,-2.972173328900000229e+02,-2.884603779999999915e+02
2.041737939999999918e-01,0.000000000000000000e+00,4.100000126072700368e-07,-2.962852282399999808e+02,-2.961473349999999982e+02
2.089296129999999863e-01,0.000000000000000000e+00,4.300000000512227416e-07,-2.967423723200000154e+02,-2.935077259999999910e+02
2.137962089999999871e-01,0.000000000000000000e+00,3.699999808759457665e-07,-2.977410286799999994e+02,-2.944666990000000055e+02
2.187761619999999962e-01,0.000000000000000000e+00,3.199999980552092893e-07,-3.016666227800000115e+02,-2.989313409999999749e+02
2.238721140000000109e-01,0.000000000000000000e+00,-2.399999914359796094e-07,-2.943105769399999758e+02,-2.988551479999999856e+02
2.290867649999999978e-01,0.000000000000000000e+00,-3.699999808759457665e-07,-3.016700653699999748e+02,-2.944776120000000219e+02
2.344228819999999991e-01,0.000000000000000000e+00,2.099999960591958370e-07,-3.045753531500000122e+02,-2.887179830000000038e+02
2.398832919999999980e-01,0.000000000000000000e+00,1.100000019960134523e-07,-3.045888902500000199e+02,-2.955572329999999965e+02
2.454708919999999961e-01,0.000000000000000000e+00,2.600000073016417446e-07,-3.035034705499999745e+02,-2.974098470000000134e+02
2.511886429999999892e-01,0.000000000000000000e+00,-1.100000019960134523e-07,-3.034875538000000006e+02,-2.930611200000000167e+02
2.570395779999999908e-01,0.000000000000000000e+00,4.399999795623443788e-07,-2.967596706499999755e+02,-2.955251470000000040e+02
2.630267989999999778e-01,0.000000000000000000e+00,-3.899999967416079016e-07,-2.982923376400000279e+02,-2.944647669999999948e+02
2.691534800000000005e-01,0.000000000000000000e+00,3.000000106112565845e-07,-2.963022582400000147e+02,-2.960917620000000170e+02
2.754228699999999863e-01,0.000000000000000000e+00,-3.989999868281302042e-07,-2.963049438100000543e+02,-2.877234109999999987e+02
2.818382930000000175e-01,0.000000000000000000e+00,-2.280000046539498726e-07,-3.035180335900000159e+02,-2.892616489999999771e+02
2.884031499999999970e-01,0.000000000000000000e+00,2.209999934166262392e-07,-2.988809517700000242e+02,-2.935000689999999963e+02
2.951209229999999795e-01,0.000000000000000000e+00,4.919999980756983859e-07,-2.946891414399999576e+02,-2.996024140000000102e+02
3.019951719999999784e-01,0.000000000000000000e+00,2.529999960643181112e-07,-3.016856275999999752e+02,-2.998951620000000275e+02
3.090295430000000176e-01,0.000000000000000000e+00,2.810000125919032143e-07,-3.089828991800000040e+02,-2.982565260000000080e+02
3.162277660000000212e-01,0.000000000000000000e+00,4.469999907996680122e-07,-2.967688840100000220e+02,-2.944589429999999766e+02
3.235936569999999790e-01,0.000000000000000000e+00,-2.880000238292268477e-07,-2.995000918800000136e+02,-2.866235590000000002e+02
3.311311209999999727e-01,0.000000000000000000e+00,1.120000092669215519e-07,-3.001753584599999840e+02,-2.961161030000000096e+02
3.388441560000000075e-01,0.000000000000000000e+00,-2.470000026733032428e-07,-2.946947764100000313e+02,-2.914817610000000059e+02
3.467368499999999854e-01,0.000000000000000000e+00,-1.980000092771661002e-07,-2.983076082599999950e+02,-2.974505879999999820e+02
3.548133889999999790e-01,0.000000000000000000e+00,4.829999795674666530e-07,-2.983089395200000240e+02,-2.907895780000000059e+02
3.630780550000000106e-01,0.000000000000000000e+00,6.600001256629184354e-08,-3.025615536100000327e+02,-2.930650600000000168e+02
3.715352290000000224e-01,0.000000000000000000e+00,-1.300000178616755875e-07,-2.954698679099999481e+02,-2.922395510000000058e+02
3.801893960000000128e-01,0.000000000000000000e+00,2.539999854889174458e-07,-3.046141327199999864e+02,-2.904620469999999841e+02
3.890451449999999811e-01,0.000000000000000000e+00,-3.859999821997917024e-07,-2.943368093099999783e+02,-2.918539200000000164e+02
3.981071709999999819e-01,0.000000000000000000e+00,3.840000033505930332e-07,-3.087255998699999964e+02,-2.884574460000000045e+02
4.073802779999999846e-01,0.000000000000000000e+00,2.999999537678377237e-08,-3.046080495599999836e+02,-2.879615489999999909e+02
4.168693829999999823e-01,0.000000000000000000e+00,5.299997951624391135e-08,-3.035309944699999960e+02,-2.918538280000000213e+02
4.265795190000000181e-01,0.000000000000000000e+00,-1.399999405293783639e-08,-2.943389936599999714e+02,-2.944774439999999913e+02
4.365158319999999925e-01,0.000000000000000000e+00,3.939999828617146704e-07,-3.090529451300000119e+02,-2.918517049999999813e+02
4.466835920000000182e-01,0.000000000000000000e+00,-1.240000244706607191e-07,-3.087571518400000059e+02,-2.955522270000000162e+02
4.570881900000000053e-01,0.000000000000000000e+00,6.499999471998307854e-08,-2.954747947100000260e+02,-2.879632139999999936e+02
4.677351410000000209e-01,0.000000000000000000e+00,-3.689999914513464319e-07,-3.058440926199999694e+02,-2.982223210000000222e+02
4.786300920000000070e-01,0.000000000000000000e+00,2.810000125919032143e-07,-3.046204133999999613e+02,-2.955651839999999879e+02
4.897788189999999764e-01,0.000000000000000000e+00,-2.380000125867809402e-07,-2.963238938499999904e+02,-2.967781340000000228e+02
5.011872339999999815e-01,0.000000000000000000e+00,-1.342999951248202706e-07,-3.084937947500000064e+02,-2.961359739999999761e+02
5.128613840000000312e-01,0.000000000000000000e+00,4.287000194835854927e-07,-3.058530518000000029e+02,-2.907876939999999877e+02
5.248074600000000034e-01,0.000000000000000000e+00,3.382999977930012392e-07,-3.001859287199999926e+02,-2.882084970000000226e+02
5.370317959999999502e-01,0.000000000000000000e+00,-4.644900002404028783e-07,-3.073097921600000291e+02,-2.989853749999999764e+02
5.495408739999999570e-01,0.000000000000000000e+00,1.940000515787687618e-08,-2.963254787500000020e+02,-2.879637650000000235e+02
5.623413250000000030e-01,0.000000000000000000e+00,-1.486000087425054517e-07,-2.983193490900000029e+02,-2.944791190000000256e+02
5.754399369999999569e-01,0.000000000000000000e+00,1.602000168077211129e-07,-2.954781117599999902e+02,-2.911291079999999738e+02
5.888436550000000214e-01,0.000000000000000000e+00,1.470000086101208581e-07,-3.058640382899999963e+02,-2.907898940000000039e+02
6.025595860000000359e-01,0.000000000000000000e+00,9.000001455206074752e-08,-3.058614662100000032e+02,-2.884591409999999883e+02
6.165950019999999476e-01,0.000000000000000000e+00,3.520000007029011613e-07,-2.954786920099999747e+02,-2.944758659999999963e+02
6.309573440000000311e-01,0.000000000000000000e+00,3.830000139259936986e-07,-3.017024591499999815e+02,-2.879632710000000202e+02
6.456542290000000239e-01,0.000000000000000000e+00,-2.710000046590721468e-07,-3.090056900800000221e+02,-2.904612200000000257e+02
6.606934479999999610e-01,0.000000000000000000e+00,3.799999603870674036e-08,-3.035374402199999508e+02,-2.887186280000000238e+02
6.760829750000000304e-01,0.000000000000000000e+00,6.400000529538374394e-08,-3.058665749599999799e+02,-2.882078910000000178e+02
6.918309710000000168e-01,0.000000000000000000e+00,-3.240000125970254885e-07,-3.035378786899999568e+02,-2.918540060000000267e+02
7.079457839999999669e-01,0.000000000000000000e+00,-1.360000112526904559e-07,-2.977782057500000406e+02,-2.944764739999999961e+02
7.244359599999999899e-01,0.000000000000000000e+00,-2.519999782180093462e-07,-2.977785824900000193e+02,-2.930658429999999726e+02
7.413102409999999809e-01,0.000000000000000000e+00,-4.180000132691930048e-07,-3.089992032199999699e+02,-2.868340039999999931e+02
7.585775750000000039e-01,0.000000000000000000e+00,-2.369999947404721752e-07,-3.017037262399999804e+02,-2.990853060000000028e+02
7.762471170000000420e-01,0.000000000000000000e+00,-1.619999920876580290e-07,-2.916284758200000056e+02,-2.950025919999999928e+02
7.943282350000000491e-01,0.000000000000000000e+00,-4.869999941092828522e-07,-3.035385012400000164e+02,-2.950054789999999798e+02
8.128305160000000029e-01,0.000000000000000000e+00,-3.379999782282538945e-07,-3.058671377300000245e+02,-2.895466789999999833e+02
8.317637709999999851e-01,0.000000000000000000e+00,3.309999954126396915e-07,-2.936644565400000033e+02,-2.858352290000000266e+02
8.511380379999999857e-01,0.000000000000000000e+00,-2.520000066397187766e-07,-2.950857868600000415e+02,-2.892625059999999735e+02
8.709635900000000097e-01,0.000000000000000000e+00,3.359999993790552253e-07,-2.972682169000000272e+02,-2.968071209999999951e+02
8.912509379999999926e-01,0.000000000000000000e+00,-2.849999987120099831e-07,-3.001906088299999738e+02,-2.961647540000000163e+02
9.120108390000000176e-01,0.000000000000000000e+00,-2.860000165583187481e-07,-3.017045528400000194e+02,-2.918522960000000239e+02
9.332543009999999528e-01,0.000000000000000000e+00,3.789999993841774995e-07,-3.017046690599999579e+02,-2.898416500000000156e+02
9.549925860000000322e-01,0.000000000000000000e+00,-1.600000132384593599e-08,-3.017047286499999927e+02,-2.950013190000000236e+02
9.772372209999999892e-01,0.000000000000000000e+00,4.000000330961483996e-08,-2.989017827199999715e+02,-2.944790689999999813e+02
1.000000000000000000e+00,0.000000000000000000e+00,2.999999821895471541e-07,-3.001902293800000052e+02,-2.918544380000000160e+02
1.023292990000000069e+00,0.000000000000000000e+00,-2.239999901121336734e-07,-2.989018697399999951e+02,-2.926415900000000079e+02
1.047128550000000047e+00,0.000000000000000000e+00,-2.580000000307336450e-07,-2.983222798699999885e+02,-2.918487190000000169e+02
1.071519310000000003e+00,0.000000000000000000e+00,-2.499999993688106770e-07,-3.035396238600000061e+02,-2.922359630000000266e+02
1.096478199999999958e+00,0.000000000000000000e+00,-3.700000092976551969e-07,-2.958941967599999998e+02,-2.997622029999999995e+02
1.122018449999999889e+00,0.000000000000000000e+00,-4.799999828719592188e-07,-2.977794046099999719e+02,-2.911300459999999930e+02
1.148153619999999986e+00,0.000000000000000000e+00,-1.500000053056282923e-07,-3.035352174500000046e+02,-2.982391309999999862e+02
1.174897550000000068e+00,0.000000000000000000e+00,3.799999888087768340e-07,-3.017049322999999958e+02,-2.950048830000000066e+02
1.202264430000000051e+00,0.000000000000000000e+00,1.900000086152431322e-07,-3.001899991700000214e+02,-2.892605310000000145e+02
1.230268769999999900e+00,0.000000000000000000e+00,-3.000000106112565845e-07,-2.967855800600000293e+02,-2.926433559999999829e+02
1.258925410000000022e+00,0.000000000000000000e+00,-3.299999775663309265e-07,-2.989014909400000306e+02,-2.950054880000000139e+02
1.288249549999999966e+00,0.000000000000000000e+00,2.299999835031485418e-07,-2.995192387899999744e+02,-2.911294340000000034e+02
1.318256740000000038e+00,0.000000000000000000e+00,-9.999999406318238471e-08,-3.090004345699999817e+02,-2.944711710000000267e+02
1.348962879999999975e+00,0.000000000000000000e+00,-4.400000079840538092e-07,-2.977793152199999440e+02,-2.934995190000000207e+02
1.380384260000000030e+00,0.000000000000000000e+00,4.900000192264997168e-07,-2.988991816699999617e+02,-2.879610609999999724e+02
1.412537539999999980e+00,0.000000000000000000e+00,3.899999967416079016e-07,-2.983217068499999982e+02,-2.904590559999999755e+02
1.445439769999999902e+00,0.000000000000000000e+00,3.700000092976551969e-07,-2.972671146600000043e+02,-2.918541910000000144e+02
1.479108389999999940e+00,0.000000000000000000e+00,-9.999979511121637188e-09,-3.017022829900000147e+02,-2.982551799999999957e+02
1.513561249999999969e+00,0.000000000000000000e+00,2.299999835031485418e-07,-2.933403687300000229e+02,-2.939753190000000131e+02
1.548816619999999977e+00,0.000000000000000000e+00,-4.300000000512227416e-07,-3.001891047400000048e+02,-2.967789020000000164e+02
1.584893190000000063e+00,0.000000000000000000e+00,-8.000000661922967993e-08,-2.977779468699999939e+02,-2.930648140000000126e+02
1.621810100000000032e+00,0.000000000000000000e+00,-3.000000106112565845e-07,-2.963264249700000050e+02,-2.990358370000000150e+02
1.659586910000000026e+00,0.000000000000000000e+00,-1.600000132384593599e-07,-2.963250728400000185e+02,-2.990750189999999975e+02
1.698243649999999993e+00,0.000000000000000000e+00,-2.399999914359796094e-07,-3.058649693099999922e+02,-2.895427389999999832e+02
1.737800830000000074e+00,0.000000000000000000e+00,4.300000000512227416e-07,-2.943404271599999902e+02,-2.944776120000000219e+02
1.778279409999999894e+00,0.000000000000000000e+00,3.600000013648241293e-07,-3.058663761800000316e+02,-2.926411360000000172e+02
1.819700859999999976e+00,0.000000000000000000e+00,-3.899999967416079016e-07,-3.058672311099999774e+02,-2.944760239999999953e+02
1.862087140000000085e+00,0.000000000000000000e+00,-1.900000086152431322e-07,-3.025713107199999854e+02,-2.895412339999999745e+02
1.905460719999999997e+00,0.000000000000000000e+00,1.900000086152431322e-07,-2.988966367200000036e+02,-2.990855440000000272e+02
1.949844600000000039e+00,0.000000000000000000e+00,-4.000000046744389692e-07,-3.073050018200000295e+02,-2.939753190000000131e+02
1.995262309999999983e+00,0.000000000000000000e+00,4.599999954280065140e-07,-2.950756027200000062e+02,-2.877198510000000056e+02
2.041737939999999973e+00,0.000000000000000000e+00,-1.199999815071350895e-07,-2.988954320900000425e+02,-2.898288069999999834e+02
2.089296130000000140e+00,0.000000000000000000e+00,-3.999999762527295388e-07,-3.035365305700000249e+02,-2.889785319999999729e+02
2.137962089999999815e+00,0.000000000000000000e+00,1.999998744395270478e-08,-3.025685468099999866e+02,-2.874870359999999891e+02
2.187761619999999851e+00,0.000000000000000000e+00,2.300000119248579722e-07,-2.967747804200000132e+02,-2.968029089999999997e+02
2.238721139999999998e+00,0.000000000000000000e+00,5.000001124244590756e-08,-3.046207079800000201e+02,-2.930603709999999751e+02
2.290867650000000033e+00,0.000000000000000000e+00,-1.000000793283106759e-08,-3.046234990600000287e+02,-2.914802579999999921e+02
2.344228820000000102e+00,0.000000000000000000e+00,3.099999901223782217e-07,-3.035286352200000124e+02,-2.862114209999999730e+02
2.398832919999999813e+00,0.000000000000000000e+00,2.999999537678377237e-08,-3.073032039600000189e+02,-2.872618899999999940e+02
2.454708919999999850e+00,0.000000000000000000e+00,-6.999999868639861234e-08,-3.001766177800000150e+02,-2.974954420000000255e+02
2.511886430000000114e+00,0.000000000000000000e+00,-3.800000172304862645e-07,-2.977693791600000282e+02,-2.944790150000000040e+02
2.570395780000000130e+00,0.000000000000000000e+00,4.799999828719592188e-07,-2.995117745300000252e+02,-2.914713780000000156e+02
2.630267990000000111e+00,0.000000000000000000e+00,-2.399999914359796094e-07,-2.958774813199999585e+02,-2.967964150000000245e+02
2.691534799999999894e+00,0.000000000000000000e+00,-4.599999954280065140e-07,-2.982929558999999813e+02,-2.870450809999999819e+02
2.754228700000000085e+00,0.000000000000000000e+00,-2.200000039920269046e-07,-2.958768346299999621e+02,-2.877113650000000007e+02
2.818382929999999842e+00,0.000000000000000000e+00,3.300000059880403569e-07,-2.988925798299999883e+02,-2.868139639999999986e+02
2.884031499999999859e+00,0.000000000000000000e+00,-2.999999537678377237e-08,-3.001791378099999861e+02,-2.898275540000000206e+02
2.951209229999999906e+00,0.000000000000000000e+00,3.899999967416079016e-07,-2.977636327999999821e+02,-2.895330730000000017e+02
3.019951719999999895e+00,0.000000000000000000e+00,2.700000152344728122e-07,-2.950665690399999903e+02,-2.975024900000000230e+02
3.090295429999999843e+00,0.000000000000000000e+00,2.300000119248579722e-07,-3.025637586999999940e+02,-2.826809640000000172e+02
3.162277659999999990e+00,0.000000000000000000e+00,-8.000000661922967993e-08,-3.035322349499999746e+02,-2.935090630000000260e+02
3.235936569999999790e+00,0.000000000000000000e+00,2.000001586566213518e-08,-3.025433038700000452e+02,-2.930569889999999873e+02
3.311311209999999949e+00,0.000000000000000000e+00,2.200000039920269046e-07,-2.972393115400000170e+02,-2.939811980000000062e+02
3.388441559999999964e+00,0.000000000000000000e+00,3.199999980552092893e-07,-2.967682919800000150e+02,-2.939326459999999770e+02
3.467368500000000076e+00,0.000000000000000000e+00,1.900000086152431322e-07,-3.025588321600000086e+02,-2.943896940000000200e+02
3.548133889999999901e+00,0.000000000000000000e+00,-1.600000132384593599e-07,-2.972323790199999962e+02,-2.918492580000000203e+02
3.630780549999999884e+00,0.000000000000000000e+00,3.999999762527295388e-07,-2.988687904399999979e+02,-2.918074569999999994e+02
3.715352289999999780e+00,0.000000000000000000e+00,1.900000086152431322e-07,-3.046031252499999482e+02,-2.858142490000000180e+02
3.801893960000000128e+00,0.000000000000000000e+00,-2.900000026784255169e-07,-3.001683672199999933e+02,-2.849116970000000038e+02
3.890451450000000033e+00,0.000000000000000000e+00,-3.099999901223782217e-07,-2.977553460800000380e+02,-2.877113650000000007e+02
3.981071710000000152e+00,0.000000000000000000e+00,9.999999406318238471e-08,-3.008884014999999863e+02,-2.901249169999999822e+02
4.073802780000000290e+00,0.000000000000000000e+00,1.800000006824120646e-07,-3.008977520700000241e+02,-2.955658020000000192e+02
4.168693829999999600e+00,0.000000000000000000e+00,4.899999908047902863e-07,-3.045638643600000250e+02,-2.881659520000000043e+02
4.265795190000000403e+00,0.000000000000000000e+00,-9.999999406318238471e-08,-3.016722768399999950e+02,-2.975029610000000275e+02
4.365158319999999925e+00,0.000000000000000000e+00,-3.499999934319930617e-07,-3.046069729100000245e+02,-2.898275540000000206e+02
4.466835920000000293e+00,0.000000000000000000e+00,3.600000013648241293e-07,-3.034730069299999968e+02,-2.879522309999999834e+02
4.570881899999999831e+00,0.000000000000000000e+00,6.999999868639861234e-08,-2.988672541700000238e+02,-2.938776139999999941e+02
4.677351409999999987e+00,0.000000000000000000e+00,2.499999993688106770e-07,-2.958553768200000036e+02,-2.877166530000000080e+02
4.786300920000000403e+00,0.000000000000000000e+00,-1.399999973727972247e-07,-2.994670550000000162e+02,-2.872135809999999765e+02
4.897788189999999986e+00,0.000000000000000000e+00,3.800000172304862645e-07,-2.994815077399999836e+02,-2.981515969999999811e+02
5.011872340000000037e+00,0.000000000000000000e+00,-1.899999801935337018e-07,-2.958265760000000455e+02,-2.967262989999999832e+02
5.128613839999999868e+00,0.000000000000000000e+00,-2.900000026784255169e-07,-3.016772146299999804e+02,-2.981515969999999811e+02
5.248074599999999812e+00,0.000000000000000000e+00,2.699999868127633817e-07,-2.967244173999999930e+02,-2.944791389999999751e+02
5.370317960000000390e+00,0.000000000000000000e+00,3.000000106112565845e-07,-2.994695669900000325e+02,-2.939791060000000016e+02
5.495408740000000236e+00,0.000000000000000000e+00,2.799999947455944493e-07,-3.083385859599999890e+02,-2.839296949999999811e+02
5.623413249999999586e+00,0.000000000000000000e+00,3.900000251633173320e-07,-2.950041677800000457e+02,-2.935130760000000123e+02
5.754399369999999792e+00,0.000000000000000000e+00,-4.400000079840538092e-07,-3.024929278200000340e+02,-2.918243219999999951e+02
5.888436549999999770e+00,0.000000000000000000e+00,4.900000192264997168e-07,-3.016210663100000033e+02,-2.907349580000000060e+02
6.025595860000000137e+00,0.000000000000000000e+00,-3.199999980552092893e-07,-2.939110653700000171e+02,-2.960504240000000209e+02
6.165950020000000364e+00,0.000000000000000000e+00,4.800000112936686492e-07,-3.016701640200000156e+02,-2.918469450000000052e+02
6.309573440000000311e+00,0.000000000000000000e+00,1.299999894399661571e-07,-3.025246161300000267e+02,-2.869968129999999746e+02
6.456542289999999795e+00,0.000000000000000000e+00,-2.200000039920269046e-07,-2.988077204299999607e+02,-2.933739180000000033e+02
6.606934479999999610e+00,0.000000000000000000e+00,-4.700000033608375816e-07,-2.957884805299999584e+02,-2.938901589999999828e+02
6.760829750000000082e+00,0.000000000000000000e+00,4.999999987376213539e-07,-3.034974948699999686e+02,-2.897165330000000267e+02
6.918309709999999946e+00,0.000000000000000000e+00,-1.900000086152431322e-07,-2.966759047599999803e+02,-2.967757700000000227e+02
7.079457839999999891e+00,0.000000000000000000e+00,-3.199999980552092893e-07,-3.034912963400000194e+02,-2.918074569999999994e+02
7.244359600000000121e+00,0.000000000000000000e+00,4.300000000512227416e-07,-3.053539675800000168e+02,-2.871152650000000222e+02
7.413102409999999587e+00,0.000000000000000000e+00,-4.700000033608375816e-07,-2.948678702900000417e+02,-2.876013859999999909e+02
7.585775749999999817e+00,0.000000000000000000e+00,-3.800000172304862645e-07,-2.966667160800000147e+02,-2.967873569999999859e+02
7.762471170000000420e+00,0.000000000000000000e+00,-3.900000251633173320e-07,-2.976900683900000217e+02,-2.934846529999999802e+02
7.943282349999999603e+00,0.000000000000000000e+00,-4.000000046744389692e-07,-2.941888154499999928e+02,-2.862879800000000046e+02
8.128305160000000029e+00,0.000000000000000000e+00,2.000000165480741998e-07,-2.953728272799999672e+02,-2.889501559999999927e+02
8.317637709999999629e+00,0.000000000000000000e+00,0.000000000000000000e+00,-2.970874077000000284e+02,-2.890579579999999851e+02
8.511380380000000301e+00,0.000000000000000000e+00,2.999999821895471541e-07,-3.024165202899999940e+02,-2.873552389999999832e+02
8.709635900000000319e+00,0.000000000000000000e+00,-3.000000106112565845e-07,-2.981520283899999981e+02,-2.922253549999999791e+02
8.912509379999999481e+00,0.000000000000000000e+00,3.000000106112565845e-07,-3.033948421200000212e+02,-2.997622029999999995e+02
9.120108390000000398e+00,0.000000000000000000e+00,-4.999999987376213539e-07,-2.999006512999999927e+02,-2.906362409999999841e+02
9.332543010000000194e+00,0.000000000000000000e+00,-4.999999987376213539e-07,-2.975645815099999822e+02,-2.990855440000000272e+02
9.549925860000000100e+00,0.000000000000000000e+00,0.000000000000000000e+00,-2.980825190499999735e+02,-2.940097939999999994e+02
9.772372210000000337e+00,0.000000000000000000e+00,9.999999406318238471e-08,-3.007071289100000513e+02,-2.917353550000000268e+02
1.000000000000000000e+01,0.000000000000000000e+00,-2.999999821895471541e-07,-2.948048377700000060e+02,-2.980739449999999806e+02
1.023292990000000025e+01,0.000000000000000000e+00,3.000000106112565845e-07,-2.956606010099999935e+02,-2.970755990000000111e+02
1.047128550000000047e+01,0.000000000000000000e+00,9.999999406318238471e-08,-2.986827116499999875e+02,-2.972505120000000147e+02
1.071519310000000047e+01,0.000000000000000000e+00,-9.999999406318238471e-08,-3.044721623699999782e+02,-2.909175109999999904e+02
1.096478199999999958e+01,0.000000000000000000e+00,4.000000046744389692e-07,-2.999103414900000075e+02,-2.886219140000000039e+02
1.122018450000000023e+01,0.000000000000000000e+00,-1.999999881263647694e-07,-3.000502549199999862e+02,-2.867752780000000143e+02
1.148153620000000075e+01,0.000000000000000000e+00,2.000000165480741998e-07,-3.032930392099999608e+02,-2.898864090000000147e+02
1.174897550000000024e+01,0.000000000000000000e+00,-3.999999762527295388e-07,-2.999964804600000434e+02,-2.976279700000000048e+02
1.202264429999999962e+01,0.000000000000000000e+00,4.000000046744389692e-07,-3.043072793499999875e+02,-2.927306639999999902e+02
1.230268769999999989e+01,0.000000000000000000e+00,2.000000165480741998e-07,-3.080067741000000296e+02,-2.917353550000000268e+02
1.258925409999999978e+01,0.000000000000000000e+00,-9.999999406318238471e-08,-3.012282954699999777e+02,-2.939678369999999745e+02
1.288249549999999921e+01,0.000000000000000000e+00,-4.000000046744389692e-07,-3.033556317300000273e+02,-2.935077259999999910e+02
1.318256739999999994e+01,0.000000000000000000e+00,-1.999999881263647694e-07,-3.044550726199999531e+02,-2.908437559999999849e+02
1.348962880000000020e+01,0.000000000000000000e+00,0.000000000000000000e+00,-3.040083543699999495e+02,-2.967873569999999859e+02
1.380384259999999941e+01,0.000000000000000000e+00,3.000000106112565845e-07,-2.939576096399999869e+02,-2.914819519999999784e+02
1.412537539999999936e+01,0.000000000000000000e+00,-4.999999987376213539e-07,-2.999128035299999624e+02,-2.941607619999999770e+02
1.445439769999999946e+01,0.000000000000000000e+00,0.000000000000000000e+00,-3.059459815399999911e+02,-2.969318099999999845e+02
1.479108390000000028e+01,0.000000000000000000e+00,-2.000000165480741998e-07,-3.001138335699999971e+02,-2.888764459999999872e+02
1.513561250000000058e+01,0.000000000000000000e+00,4.999999987376213539e-07,-2.971962958599999638e+02,-2.860922199999999975e+02
1.548816620000000022e+01,0.000000000000000000e+00,1.999999881263647694e-07,-3.033225809799999979e+02,-2.973863569999999754e+02
1.584893190000000018e+01,0.000000000000000000e+00,4.999999987376213539e-07,-3.039989468499999816e+02,-2.917541019999999889e+02
1.621810100000000077e+01,0.000000000000000000e+00,1.000000224848918151e-07,-2.963495856600000025e+02,-2.929412090000000148e+02
1.659586910000000159e+01,0.000000000000000000e+00,4.000000046744389692e-07,-3.054411518699999988e+02,-2.959715570000000184e+02
1.698243649999999860e+01,0.000000000000000000e+00,-4.999999987376213539e-07,-3.013779331899999647e+02,-2.956516829999999914e+02
1.737800830000000119e+01,0.000000000000000000e+00,9.999999406318238471e-08,-3.052884875500000135e+02,-2.884235279999999761e+02
1.778279410000000027e+01,0.000000000000000000e+00,4.999999987376213539e-07,-2.916488670800000023e+02,-2.957667149999999765e+02
1.819700860000000020e+01,0.000000000000000000e+00,0.000000000000000000e+00,-3.033418880899999976e+02,-2.939761799999999994e+02
1.862087139999999863e+01,0.000000000000000000e+00,-3.000000106112565845e-07,-2.985270320300000435e+02,-2.934906710000000203e+02
1.905460719999999952e+01,0.000000000000000000e+00,9.999999406318238471e-08,-3.033149124899999833e+02,-2.964101850000000127e+02
1.949844600000000128e+01,0.000000000000000000e+00,-4.999999987376213539e-07,-3.027337381599999730e+02,-2.911714440000000081e+02
1.995262310000000028e+01,0.000000000000000000e+00,2.000000165480741998e-07,-2.994695248200000037e+02,-2.894925709999999981e+02
2.041737940000000151e+01,0.000000000000000000e+00,-4.000000046744389692e-07,-3.055014123099999779e+02,-2.989836950000000115e+02
2.089296129999999962e+01,0.000000000000000000e+00,1.999999881263647694e-07,-3.024529835100000241e+02,-2.878355829999999855e+02
2.137962089999999904e+01,0.000000000000000000e+00,2.999999821895471541e-07,-3.018900663000000009e+02,-2.906716499999999996e+02
2.187761619999999851e+01,0.000000000000000000e+00,4.999999987376213539e-07,-2.988878856000000042e+02,-2.923801060000000120e+02
2.238721140000000176e+01,0.000000000000000000e+00,-3.000000106112565845e-07,-3.010037232700000231e+02,-2.967873569999999859e+02
2.290867649999999855e+01,0.000000000000000000e+00,3.000000106112565845e-07,-3.024818971600000168e+02,-2.967873569999999859e+02
2.344228820000000013e+01,0.000000000000000000e+00,0.000000000000000000e+00,-3.025939140599999746e+02,-2.959291529999999852e+02
2.398832919999999902e+01,0.000000000000000000e+00,4.000000046744389692e-07,-3.006407806900000423e+02,-2.881097780000000057e+02
2.454708919999999850e+01,0.000000000000000000e+00,4.000000046744389692e-07,-2.961966626699999665e+02,-2.930829049999999825e+02
2.511886429999999848e+01,0.000000000000000000e+00,-3.000000106112565845e-07,-2.984509885599999848e+02,-2.876554899999999861e+02
2.570395780000000130e+01,0.000000000000000000e+00,9.999999406318238471e-08,-2.955716457899999909e+02,-2.911061599999999885e+02
2.630267990000000111e+01,0.000000000000000000e+00,4.999999987376213539e-07,-3.003648876699999732e+02,-2.892864979999999946e+02
2.691534800000000160e+01,0.000000000000000000e+00,0.000000000000000000e+00,-2.999287574200000108e+02,-2.910766530000000216e+02
2.754228700000000174e+01,0.000000000000000000e+00,-4.000000046744389692e-07,-3.019302661100000478e+02,-2.881659520000000043e+02
2.818382929999999931e+01,0.000000000000000000e+00,-3.000000106112565845e-07,-2.980480426999999963e+02,-2.911962540000000104e+02
2.884031500000000037e+01,0.000000000000000000e+00,-4.000000046744389692e-07,-2.960190990300000067e+02,-2.939761799999999994e+02
2.951209229999999906e+01,0.000000000000000000e+00,-3.000000106112565845e-07,-2.955979287999999769e+02,-2.921803429999999935e+02
3.019951719999999895e+01,0.000000000000000000e+00,-4.999999987376213539e-07,-3.015274476299999833e+02,-2.873353559999999902e+02
3.090295430000000110e+01,0.000000000000000000e+00,-2.999999821895471541e-07,-2.962506970299999693e+02,-2.924930570000000216e+02
3.162277660000000168e+01,0.000000000000000000e+00,3.000000106112565845e-07,-2.999652694100000190e+02,-2.937511630000000196e+02
3.235936569999999790e+01,0.000000000000000000e+00,-9.999999406318238471e-08,-2.940730441299999711e+02,-2.910873530000000073e+02
3.311311210000000216e+01,0.000000000000000000e+00,-1.999999881263647694e-07,-3.009243345200000022e+02,-2.955537739999999758e+02
3.388441559999999697e+01,0.000000000000000000e+00,-1.999999881263647694e-07,-2.991104758599999514e+02,-2.913403969999999958e+02
3.467368499999999898e+01,0.000000000000000000e+00,-1.000000224848918151e-07,-2.988679074599999694e+02,-2.920596909999999866e+02
3.548133889999999724e+01,0.000000000000000000e+00,-4.000000046744389692e-07,-2.988358986800000139e+02,-2.916677779999999984e+02
3.630780550000000062e+01,0.000000000000000000e+00,-1.000000224848918151e-07,-3.011406769600000075e+02,-2.934624590000000239e+02
3.715352289999999869e+01,0.000000000000000000e+00,-2.999999821895471541e-07,-2.979656328500000200e+02,-2.954137739999999894e+02
3.801893960000000305e+01,0.000000000000000000e+00,-4.000000046744389692e-07,-2.943096021000000064e+02,-2.894722669999999880e+02
3.890451449999999767e+01,0.000000000000000000e+00,4.999999987376213539e-07,-2.945179936800000178e+02,-2.903199779999999919e+02
3.981071709999999797e+01,0.000000000000000000e+00,-9.999999406318238471e-08,-2.964988518200000271e+02,-2.935594830000000002e+02
4.073802779999999757e+01,0.000000000000000000e+00,3.999999762527295388e-07,-2.989447911099999828e+02,-2.885144099999999980e+02
4.168693830000000133e+01,0.000000000000000000e+00,-4.000000046744389692e-07,-2.965876555400000143e+02,-2.966093030000000113e+02
4.265795190000000048e+01,0.000000000000000000e+00,3.000000106112565845e-07,-2.991223885599999903e+02,-2.903479629999999929e+02
4.365158319999999748e+01,0.000000000000000000e+00,-1.999999881263647694e-07,-3.033454661899999678e+02,-2.878183599999999842e+02
4.466835919999999760e+01,0.000000000000000000e+00,4.000000046744389692e-07,-2.929466540199999827e+02,-2.924725920000000201e+02
4.570881899999999831e+01,0.000000000000000000e+00,-4.999999987376213539e-07,-2.947237833699999783e+02,-2.941984269999999810e+02
4.677351409999999987e+01,0.000000000000000000e+00,-1.999999881263647694e-07,-2.990861403399999858e+02,-2.907605810000000019e+02
4.786300920000000048e+01,0.000000000000000000e+00,0.000000000000000000e+00,-2.999491768500000148e+02,-2.926272510000000011e+02
4.897788189999999986e+01,0.000000000000000000e+00,-3.000000106112565845e-07,-3.018284837900000070e+02,-2.893446460000000116e+02
5.011872340000000037e+01,0.000000000000000000e+00,-3.000000106112565845e-07,-2.960788170700000137e+02,-2.933739180000000033e+02
5.128613839999999868e+01,0.000000000000000000e+00,-4.999999987376213539e-07,-3.015518137200000410e+02,-2.944474010000000135e+02
5.248074600000000345e+01,0.000000000000000000e+00,4.000000046744389692e-07,-3.051007969599999683e+02,-2.923801060000000120e+02
5.370317959999999857e+01,0.000000000000000000e+00,-1.999999881263647694e-07,-3.003700663200000349e+02,-2.910493860000000268e+02
5.495408739999999881e+01,0.000000000000000000e+00,1.999999881263647694e-07,-3.020290797000000111e+02,-2.882059649999999920e+02
5.623413250000000119e+01,0.000000000000000000e+00,-9.999999406318238471e-08,-2.972830834600000003e+02,-2.975029610000000275e+02
5.754399370000000147e+01,0.000000000000000000e+00,0.000000000000000000e+00,-3.020697295200000099e+02,-2.942771430000000237e+02
5.888436550000000125e+01,0.000000000000000000e+00,-9.999999406318238471e-08,-3.024048094099999844e+02,-2.965670489999999972e+02
6.025595859999999959e+01,0.000000000000000000e+00,-3.999999762527295388e-07,-2.942810354100000154e+02,-2.968081199999999740e+02
6.165950019999999654e+01,0.000000000000000000e+00,4.000000046744389692e-07,-2.976705045600000403e+02,-2.916933589999999867e+02
6.309573439999999778e+01,0.000000000000000000e+00,-1.999999881263647694e-07,-3.028054487599999902e+02,-2.970755990000000111e+02
6.456542290000000150e+01,0.000000000000000000e+00,-1.000000224848918151e-07,-3.009774228599999901e+02,-2.972180629999999724e+02
6.606934479999999610e+01,0.000000000000000000e+00,0.000000000000000000e+00,-2.993432096999999885e+02,-2.913949820000000273e+02
6.760829750000000615e+01,0.000000000000000000e+00,4.000000046744389692e-07,-3.009075731500000188e+02,-2.907026349999999866e+02
6.918309709999999768e+01,0.000000000000000000e+00,-4.000000046744389692e-07,-3.029507232100000351e+02,-2.921276920000000246e+02
7.079457840000000601e+01,0.000000000000000000e+00,-1.999999881263647694e-07,-2.951694610399999874e+02,-2.943272410000000150e+02
7.244359599999999944e+01,0.000000000000000000e+00,0.000000000000000000e+00,-3.018044919799999661e+02,-2.944474010000000135e+02
7.413102410000000475e+01,0.000000000000000000e+00,0.000000000000000000e+00,-3.009307656199999883e+02,-2.964425840000000107e+02
7.585775750000000528e+01,0.000000000000000000e+00,0.000000000000000000e+00,-2.954946598099999733e+02,-2.986926240000000234e+02
7.762471170000000598e+01,0.000000000000000000e+00,0.000000000000000000e+00,-2.938039476900000295e+02,-2.899669200000000160e+02
7.943282349999999781e+01,0.000000000000000000e+00,0.000000000000000000e+00,-2.911282047299999931e+02,-2.918191080000000284e+02
8.128305159999999319e+01,0.000000000000000000e+00,0.000000000000000000e+00,-2.976176537000000053e+02,-2.974330009999999902e+02
8.317637709999999629e+01,0.000000000000000000e+00,0.000000000000000000e+00,-2.956280767399999831e+02,-2.928221050000000218e+02
8.511380379999999946e+01,0.000000000000000000e+00,0.000000000000000000e+00,-2.939498123199999782e+02,-2.906163000000000238e+02
8.709635900000000674e+01,0.000000000000000000e+00,0.000000000000000000e+00,-2.940974852499999770e+02,-2.913058770000000095e+02
8.912509380000000192e+01,0.000000000000000000e+00,0.000000000000000000e+00,-2.958748776799999973e+02,-2.954435589999999934e+02
9.120108390000000043e+01,0.000000000000000000e+00,0.000000000000000000e+00,-2.968714031200000250e+02,-2.889879480000000171e+02
9.332543010000000550e+01,0.000000000000000000e+00,0.000000000000000000e+00,-2.927053403799999955e+02,-2.942110930000000053e+02
9.549925860000000455e+01,0.000000000000000000e+00,0.000000000000000000e+00,-2.942184436100000084e+02,-2.939084669999999733e+02
9.772372210000000337e+01,0.000000000000000000e+00,-9.999999406318238471e-08,-2.942234792399999606e+02,-2.949473869999999920e+02
1.000000000000000000e+02,0.000000000000000000e+00,-3.000000106112565845e-07,-2.974464190200000075e+02,-2.963253520000000094e+02
